{
    "display": {
        "title": {
            "text": "Birch Door"
        },
        "description": {
            "text": "Acquire a birch door"
        },
        "icon": {
            "item": "minecraft:birch_door"
        },
        "frame": "task",
        "show_toast": true,
        "announce_to_chat": true,
        "hidden": false
    },
  "parent": "collectibles_easy:root", 
  "criteria": {
    "alpha": {
      "trigger": "minecraft:inventory_changed",
      "conditions": {
        "items": [
          {
            "items": [
              "minecraft:birch_door"
            ]
          }
        ]
      }
    }
  },
  "requirements": [
    [
      "alpha"
    ]
  ]
}
