{
    "display": {
        "title": {
            "text": "Birch Trapdoor"
        },
        "description": {
            "text": "Acquire a birch trapdoor"
        },
      "icon": {
          "item": "minecraft:birch_trapdoor"
      },
        "frame": "task",
        "show_toast": true,
        "announce_to_chat": true,
        "hidden": false
    },
  "parent": "collectibles_easy:root", 
  "criteria": {
    "alpha": {
      "trigger": "minecraft:inventory_changed",
      "conditions": {
        "items": [
          {
            "items": [
                "minecraft:birch_trapdoor"
            ]
          }
        ]
      }
    }
  },
  "requirements": [
    [
      "alpha"
    ]
  ]
}
