{
	"display": {
		"title": {
				"text": "Dark Oak Stairs"
		},
		"description": {
				"text": "Acquire dark oak stairs"
		},
		"icon": {
				"item": "minecraft:dark_oak_stairs"
		},
	    "frame": "task",
	    "show_toast": true,
	    "announce_to_chat": true,
	    "hidden": false
	},
	"parent": "collectibles_easy:root",
  	"criteria": {
	    "alpha": {
	      	"trigger": "minecraft:inventory_changed",
	      	"conditions": {
	        	"items": [
	          		{
									"items": [
											"minecraft:dark_oak_stairs"
									]
	          		}
	        	]
	      	}
	    }
	},
	"requirements": [
	    [
	      "alpha"
	    ]
	]
}