{
	"display": {
	    "title": {
	        "text": "Oak Slab"
	    },
	    "description": {
	        "text": "Acquire a oak slab"
	    },
		"icon": {
				"item": "minecraft:oak_slab"
		},
	    "frame": "task",
	    "show_toast": true,
	    "announce_to_chat": true,
	    "hidden": false
	},
	"parent": "collectibles_easy:root",
  	"criteria": {
	    "alpha": {
	      	"trigger": "minecraft:inventory_changed",
	      	"conditions": {
	        	"items": [
	          		{
									"items": [
											"minecraft:oak_slab"
									]
	          		}
	        	]
	      	}
	    }
	},
	"requirements": [
	    [
	      "alpha"
	    ]
	]
}