{
	"display": {
		"title": {
			"text": "Spruce Pressure Plate"
		},
		"description": {
			"text": "Acquire a spruce pressure plate"
		},
		"icon": {
			"item": "minecraft:spruce_pressure_plate"
		},
	    "frame": "task",
	    "show_toast": true,
	    "announce_to_chat": true,
	    "hidden": false
	},
	"parent": "collectibles_easy:root",
  	"criteria": {
	    "alpha": {
	      	"trigger": "minecraft:inventory_changed",
	      	"conditions": {
	        	"items": [
	          		{
									"items": [
										"minecraft:spruce_pressure_plate"
									]
	          		}
	        	]
	      	}
	    }
	},
	"requirements": [
	    [
	      "alpha"
	    ]
	]
}