{
	"display": {
	    "title": {
	        "text": "Mossy Cobblestone Slab"
	    },
	    "description": {
	        "text": "Acquire a mossy cobblestone slab"
	    },
		"icon": {
			"item": "minecraft:mossy_cobblestone_slab"
		},
	    "frame": "task",
	    "show_toast": true,
	    "announce_to_chat": true,
	    "hidden": false
	},
	"parent": "collectibles_medium:root",
  	"criteria": {
	    "alpha": {
	      	"trigger": "minecraft:inventory_changed",
	      	"conditions": {
	        	"items": [
	          		{
									"items": [
										"minecraft:mossy_cobblestone_slab"
									]
	          		}
	        	]
	      	}
	    }
	},
	"requirements": [
	    [
	      "alpha"
	    ]
	]
}