{
  "display": {
    "icon": {
        "item": "minecraft:nether_gold_ore"
    },
    "title": "Nether Gold Ore",
    "description": "Acquire nether gold ore",
    "frame": "task",
    "show_toast": true,
    "announce_to_chat": true,
    "hidden": false
  },
  "parent": "collectibles_hard:root",
  "criteria": {
    "alpha": {
      "trigger": "minecraft:inventory_changed",
      "conditions": {
        "items": [
          {
            "items": [
                "minecraft:nether_gold_ore"
            ]
          }
        ]
      }
    }
  },
  "requirements": [
    [
      "alpha"
    ]
  ]
}
