{
	"display": {
	    "title": {
	        "text": "Acacia Stairs"
	    },
	    "description": {
	        "text": "Acquire acacia stairs"
	    },
			"icon": {
					"item": "minecraft:acacia_stairs"
			},
	    "frame": "task",
	    "show_toast": true,
	    "announce_to_chat": true,
	    "hidden": false
	},
	"parent": "collectibles_easy:root",
  	"criteria": {
	    "alpha": {
	      	"trigger": "minecraft:inventory_changed",
	      	"conditions": {
	        	"items": [
	          		{
									"items": [
											"minecraft:acacia_stairs"
									]
	          		}
	        	]
	      	}
	    }
	},
	"requirements": [
	    [
	      "alpha"
	    ]
	]
}