{
	"display": {
	    "title": {
	        "text": "Deepslate Coal Ore"
	    },
	    "description": {
	        "text": "Acquire deepslate coal ore"
	    },
	    "icon": {
	        "item": "minecraft:deepslate_coal_ore"
	    },
	    "frame": "task",
	    "show_toast": true,
	    "announce_to_chat": true,
	    "hidden": false
	},
	"parent": "collectibles_medium:root",
  	"criteria": {
	    "alpha": {
	      	"trigger": "minecraft:inventory_changed",
	      	"conditions": {
	        	"items": [
	          		{
									"items": [
										"minecraft:deepslate_coal_ore"
									]
	          		}
	        	]
	      	}
	    }
	},
	"requirements": [
	    [
	      "alpha"
	    ]
	]
}