{
	"display": {
	    "title": {
	        "text": "Gold Ore"
	    },
	    "description": {
	        "text": "Acquire gold ore"
	    },
	    "icon": {
	        "item": "minecraft:gold_ore"
	    },
	    "frame": "task",
	    "show_toast": true,
	    "announce_to_chat": true,
	    "hidden": false
	},
	"parent": "collectibles_medium:root",
  	"criteria": {
	    "alpha": {
	      	"trigger": "minecraft:inventory_changed",
	      	"conditions": {
	        	"items": [
	          		{
	            		"items": [
	              			"minecraft:gold_ore"
	            		]
	          		}
	        	]
	      	}
	    }
	},
	"requirements": [
	    [
	      "alpha"
	    ]
	]
}