{
  "display": {
    "icon": {
      "item": "minecraft:orange_wool"
    },
    "title": "Orange Wool",
    "description": "Acquire orange wool",
    "frame": "task",
    "show_toast": true,
    "announce_to_chat": true,
    "hidden": false
  },
  "parent": "collectibles_medium:root",
  "criteria": {
    "alpha": {
      "trigger": "minecraft:inventory_changed",
      "conditions": {
        "items": [
          {
            "items": [
              "minecraft:orange_wool"
            ]
          }
        ]
      }
    }
  },
  "requirements": [
    [
      "alpha"
    ]
  ]
}
