{
    "display": {
      "title": {
        "text": "Powder Snow Bucket"
      },
      "description": {
        "text": "Acquire a powder snow bucket"
      },
      "icon": {
        "item": "minecraft:powder_snow_bucket"
      },
        "frame": "task",
        "show_toast": true,
        "announce_to_chat": true,
        "hidden": false
    },
  "parent": "collectibles_medium:root", 
  "criteria": {
    "alpha": {
      "trigger": "minecraft:inventory_changed",
      "conditions": {
        "items": [
          {
            "items": [
                "minecraft:powder_snow_bucket"
            ]
          }
        ]
      }
    }
  },
  "requirements": [
    [
      "alpha"
    ]
  ]
}
