{
    "display": {
        "title": {
            "text": "Collectibles - Medium"
        },
        "description": {
            "text": "A simple list of medium collectibles"
        },
        "icon": {
            "item": "minecraft:diamond_ore"
        },
        "frame": "task",
        "show_toast": false,
        "announce_to_chat": false,
        "hidden": false,
        "background": "minecraft:textures/gui/advancements/backgrounds/stone.png"
    },
    "criteria": {
        "bingo": {
            "trigger": "minecraft:inventory_changed",
            "conditions": {
                "items": [
                    {
                        "item": "bingo:bingo_card"
                    }
                ]
            }
        }
    },
  "requirements": [
    [
      "bingo"
    ]
  ]
}