{
  "display": {
    "icon": {
      "item": "minecraft:potion",
      "nbt": "{Potion:\"minecraft:invisibility\"}"
    },
    "title": "Potion of Invisibility",
    "description": "Acquire a potion of invisibility",
    "frame": "task",
    "show_toast": true,
    "announce_to_chat": true,
    "hidden": false
  },
  "parent": "collectibles_hard:root",
  "criteria": {
    "alpha": {
      "trigger": "minecraft:inventory_changed",
      "conditions": {
        "items": [
          {
            "items": [
              "minecraft:potion"
            ],
            "nbt": "{Potion:\"minecraft:invisibility\"}"
          }
        ]
      }
    }
  },
  "requirements": [
    [
      "alpha"
    ]
  ]
}
